Scheduler,File,AvgChunks,AvgDelay(ms),AvgGoodput(KB/s),AvgDownloadTime(s)
default,64MB.file,66053.0,253.01373421630586,5234.945485833915,12.617923736572266
roundrobin,64MB.file,66053.0,506.19619697733486,5497.947030843163,12.01469099521637
redundant,64MB.file,66053.0,1094.565325224912,1883.7625571592037,35.25208055973053
blest,64MB.file,66053.0,699.63166796661,3600.968732099779,19.287086606025696
ecf,64MB.file,66053.0,976.0508954298497,3414.0896241708797,21.250067591667175
